{
    "title": "5 Methods for Creating Fire in the Wilderness Using Natural Resources",
    "introduction": "When you're out in the wild, having the ability to start a fire is a crucial survival skill. Fire provides warmth, light, and the ability to cook food and purify water. However, what happens when your fire starter or lighting equipment is lost, damaged or for some reason, you need to start a fire using only natural resources? In this blog, we'll discuss various methods you can use to create fire in the wilderness using natural resources.",
    "methods": [
        {
            "name": "Hand Drill Method",
            "description": "The hand drill method is a primitive technique that involves rotating a wooden stick or spindle between your palms, creating friction with a fireboard or baseboard made of a dry, softwood. The friction generated will create enough heat to create an ember, which can be used to start a fire. The process requires some skill, patience, and endurance, but it can be an effective method of creating fire."
        },
        {
            "name": "Bow Drill Method",
            "description": "Similar to the hand drill method, the bow drill method involves using a wooden spindle and a fireboard or baseboard. However, instead of rotating the spindle with your hands, a bow is used to rotate the spindle, generating more friction and heat, making it easier to create an ember. This method requires less physical effort than the hand drill method but requires a bit of skill and practice to get it right."
        },
        {
            "name": "Fire Plow Method",
            "description": "The fire plow method involves using a hardwood stick and a softwood baseboard or fireboard. The hardwood stick is rubbed back and forth along the baseboard, creating friction and heat, which eventually creates an ember. This method is effective, but it requires a bit of skill and practice."
        },
        {
            "name": "Stones or Rocks",
            "description": "To use stones to create sparks and fire also known as 'percussion fire starting', you need two rocks of different hardness, one harder and with a sharp edge. Hold the softer rock in one hand and strike the sharp edge of the harder rock against it at an angle of about 45 degrees to create sparks. Gather dry, combustible materials to use as tinder, and place the sparks onto it. Blow gently to ignite the tinder, and slowly add more fuel to build the fire. Be cautious when handling stones, and remember that percussion fire starting may require practice."
        },
        {
            "name": "Fire from Ice",
            "description": "Believe it or not, you can start a fire using ice. You can use a piece of clear ice as a magnifying glass, focusing the sun's rays onto a piece of tinder, just like you would with a magnifying glass. This method requires clear ice, sunlight, and some patience."
        }
    ],
    "conclusion": "In conclusion, starting a fire using natural resources can be a bit of a challenge, but it's a crucial survival skill that everyone should know. By learning and practicing these methods, you'll be better prepared for emergencies or situations where you don't have access to traditional fire-starting equipment. Remember, always prioritize safety and take the necessary precautions when starting a fire in the wild."
}