{
    "title": "Primitive Hunting Weapon Crafting Guide",
    "introduction": "Using Wood, Stone, Bone, and Natural Fibers",
    "materials": {
        "Wood": "Hardwoods like oak, hickory, ash, and yew are best for durability.",
        "Stone": "Flint, chert, obsidian, or quartzite work well for sharp edges and cutting tools.",
        "Bone": "Animal bones make excellent spear points, knife handles, and arrowheads.",
        "Plant Fibers": "Vines, bark strips, sinew, and rawhide can be used for bindings and bowstrings."
    },
    "weapons": {
        "Spears": {
            "purpose": "Spears are versatile weapons for throwing, thrusting, and fishing.",
            "materials_needed": [
                "Hardwood branch (5-7 feet long)",
                "Stone or bone tip",
                "Sinew, plant fiber, or rawhide"
            ],
            "steps": [
                "Find a Strong, Straight Branch: Remove bark and smooth the wood.",
                "Sharpen the Tip: Carve a sharp point using a stone knife or another hard rock.",
                "Fire Harden the Tip: Hold the sharpened end over a fire, turning slowly to harden it.",
                "Attach a Stone/Bone Tip (Optional): Shape a stone or bone into a pointed tip, split the shaft\u2019s end, insert the tip, and secure it with sinew or plant fiber."
            ]
        },
        "Bow and Arrows": {
            "Bow": {
                "purpose": "A bow allows for ranged hunting, increasing survival chances.",
                "materials_needed": [
                    "Flexible wood (yew, hickory, ash)",
                    "Sinew, rawhide, or twisted plant fiber"
                ],
                "steps": [
                    "Find a Sturdy, Flexible Branch: About 4-5 feet long.",
                    "Shape the Bow: Carve the wood slightly to give it a curve.",
                    "Create Notches for the String: Carve small grooves at both ends.",
                    "Attach the String: Use twisted sinew, fiber, or rawhide and tie securely."
                ]
            },
            "Arrows": {
                "purpose": "Arrows allow for accurate long-range attacks.",
                "materials_needed": [
                    "Straight, lightweight sticks (willow, dogwood)",
                    "Flint, bone, or obsidian for arrowheads",
                    "Feathers for fletching",
                    "Sinew or plant fiber for binding"
                ],
                "steps": [
                    "Straighten the Shafts: Use heat or pressure to remove bends.",
                    "Carve a Nock: Create a small groove at the back for the bowstring.",
                    "Attach an Arrowhead: Shape flint, bone, or metal, split the shaft\u2019s end, insert the tip, and bind tightly with sinew or fiber.",
                    "Add Fletching (Optional): Use feathers and secure them near the back with sinew."
                ]
            }
        },
        "Throwing Stick": {
            "purpose": "A curved or straight throwing stick used for small game hunting.",
            "materials_needed": [
                "Hardwood branch (1.5-2 feet long)"
            ],
            "steps": [
                "Find a Solid, Slightly Curved Branch: The natural curve improves flight.",
                "Carve a Smooth Edge: Make one side slightly tapered.",
                "Harden with Fire (Optional): Slightly heat-treat the wood for durability."
            ]
        },
        "Atlatl": {
            "purpose": "Increases power and accuracy when throwing spears.",
            "materials_needed": [
                "Hardwood stick (about 2 feet long)",
                "Small stone or carved notch for spear placement"
            ],
            "steps": [
                "Carve a Slight Groove: At one end to hold the base of the spear.",
                "Shape for Grip: Make a comfortable handle.",
                "Use for Spear Throwing: Place the base of the spear in the groove and flick the wrist to launch."
            ]
        },
        "Bola": {
            "purpose": "A weapon made of weighted cords used to entangle small game.",
            "materials_needed": [
                "Three strong cords (3-5 feet long)",
                "Stones or bone weights"
            ],
            "steps": [
                "Tie Weights to Cords: Secure stones or bones at each end.",
                "Braid or Twist the Cords Together: Keep them equal in length.",
                "Use by Swinging and Releasing: Aim at the legs of animals to entangle them."
            ]
        }
    },
    "cordage_and_binding": {
        "purpose": "Strong bindings are essential for securing points and handles.",
        "materials_needed": [
            "Bark strips",
            "Sinew",
            "Plant fibers"
        ],
        "steps": [
            "Collect Fibers: From plants, vines, or animal tendons.",
            "Twist Fibers Together: Use a two-strand method for strength.",
            "Dry for Durability: Let it air dry before use."
        ]
    },
    "sharpening_and_maintenance": {
        "Sharpening Stones": [
            "Rub blades on sandstone or quartzite.",
            "Use water for smoother sharpening."
        ],
        "Fire Hardening": [
            "Slowly heat wood tips to harden without burning."
        ]
    },
    "conclusion": "These weapons and tools can significantly improve survival chances in the wild. Practicing these techniques before an emergency ensures you can create effective hunting tools when needed."
}