{
    "title": "Primitive Shelter Building Guide",
    "introduction": "Using Natural Materials for Protection and Survival",
    "choosing_location": [
        "Avoid flood-prone areas (low-lying areas, riverbanks).",
        "Stay away from insect-infested areas (stagnant water, rotting wood).",
        "Find natural windbreaks (rock formations, thick trees).",
        "Choose a spot with access to materials (wood, leaves, stones).",
        "Ensure drainage to prevent water pooling inside the shelter."
    ],
    "shelters": {
        "Lean-To Shelter": {
            "purpose": "Simple and quick to build, provides wind and rain protection.",
            "materials_needed": [
                "Long, sturdy branches",
                "Smaller branches",
                "Leaves, grass, or bark",
                "Rope, vines, or sinew (optional)"
            ],
            "steps": [
                "Find a support structure (fallen tree, large rock, or two upright branches).",
                "Lay a main support beam at an angle or horizontally across two supports.",
                "Lean smaller branches against the main support beam to form a slanted wall.",
                "Cover the structure with leaves, bark, grass, or moss to block wind and rain."
            ]
        },
        "Debris Hut": {
            "purpose": "Provides warmth by trapping body heat, ideal for cold climates.",
            "materials_needed": [
                "Long branches",
                "Smaller sticks",
                "Dry leaves, grass, moss, or ferns"
            ],
            "steps": [
                "Create a Ridgepole: Place a long, sturdy branch between two trees or support it with a forked stick.",
                "Build a Frame: Lean smaller sticks on both sides of the ridgepole, forming an A-frame.",
                "Insulate: Pile dry leaves, grass, or moss over the structure for insulation.",
                "Close the Entrance (Optional): Use a large piece of bark or branches to block wind at night."
            ]
        },
        "A-Frame Shelter": {
            "purpose": "Stronger than a lean-to, provides full protection from rain and wind.",
            "materials_needed": [
                "Two sturdy Y-shaped branches",
                "Ridgepole",
                "Branches for ribs",
                "Leaves, grass, or bark"
            ],
            "steps": [
                "Set Up the Support Structure: Place two Y-shaped branches upright and lay the ridgepole across the top.",
                "Create the Walls: Lean branches against the ridgepole on both sides to form an A-frame.",
                "Cover the Structure: Use leaves, grass, or bark to seal gaps and insulate the shelter.",
                "Strengthen the Roof: Add extra layers of debris for better protection."
            ]
        },
        "Wickiup (Dome Shelter)": {
            "purpose": "A strong, round shelter that provides excellent insulation.",
            "materials_needed": [
                "Flexible saplings",
                "Vines or bark strips",
                "Leaves, grass, or animal hides"
            ],
            "steps": [
                "Form the Frame: Stick flexible saplings into the ground in a circular pattern, bending them toward the center to form a dome shape.",
                "Tie the Saplings Together: Secure crossings with vines or bark strips.",
                "Weave Smaller Branches: Strengthen the frame by weaving additional branches horizontally.",
                "Cover the Structure: Use leaves, grass, bark, or animal hides to block wind and rain."
            ]
        },
        "Snow Shelter (Quinzhee or Igloo)": {
            "purpose": "Provides insulation against extreme cold.",
            "materials_needed": [
                "Packed snow",
                "Shovel or digging tool (or hands)"
            ],
            "steps": [
                "Pile Up Snow: Create a mound at least 5 feet high and let it settle for a few hours.",
                "Hollow It Out: Dig an entrance and carve out a hollow space inside.",
                "Ventilation Hole: Poke a small hole at the top for airflow.",
                "Sleeping Platform: Make a raised sleeping area to avoid direct contact with the cold ground."
            ]
        },
        "Cave or Rock Shelter": {
            "purpose": "Offers natural protection with minimal effort.",
            "materials_needed": [
                "Large rock overhang or cave",
                "Dry grass or leaves",
                "Sticks and stones"
            ],
            "steps": [
                "Check for Safety: Ensure the cave is unoccupied (watch for animals).",
                "Clear the Ground: Remove debris and create a dry sleeping area.",
                "Wind Protection: Stack rocks or branches at the entrance if needed.",
                "Fire Pit: Build a fire outside the entrance for warmth and protection."
            ]
        }
    },
    "insulation_weatherproofing": [
        "Use layers of leaves, grass, or moss to trap heat.",
        "Make a raised bed with sticks and leaves to avoid cold ground contact.",
        "Keep a small entrance to reduce heat loss.",
        "Build a windbreak with branches or rocks if needed."
    ],
    "fire_and_survival": [
        "Keep a fire near the shelter for warmth and protection.",
        "Store dry firewood inside to keep it from getting wet.",
        "Avoid placing fire too close to flammable materials."
    ],
    "conclusion": "Building a primitive shelter can mean the difference between survival and exposure. Practicing these skills before you need them ensures you can build a sturdy shelter in any condition."
}