{
    "title": "Survival Guide: Best Wilderness Locations for Hiding & Surviving Persecution",
    "introduction": "In times of persecution, political unrest, or societal collapse, finding safe, hidden wilderness areas is essential for survival. This guide outlines the best places worldwide for long-term survival.",
    "goals": [
        "Identify remote locations with fresh water sources, natural shelter, and food availability.",
        "Understand the climate, challenges, and advantages of different wilderness areas.",
        "Learn essential survival skills for long-term off-grid living.",
        "Remain undetected using camouflage, stealth techniques, and low-profile living."
    ],
    "best_locations_by_continent": {
        "North America": {
            "ideal_locations": [
                "Alaska (USA) \u2013 Remote boreal forests & tundra with abundant wildlife.",
                "Rocky Mountains (USA & Canada) \u2013 Rugged terrain with water and food sources.",
                "Appalachian Mountains (USA) \u2013 Thick forests, caves, and secluded valleys.",
                "British Columbia (Canada) \u2013 Vast wilderness with lakes and game."
            ],
            "pros": [
                "Remote, difficult to reach.",
                "Large forested areas with game and clean water.",
                "National parks and reserves with few people."
            ],
            "challenges": [
                "Harsh winters require advanced survival skills.",
                "Predators like bears and wolves."
            ]
        },
        "South America": {
            "ideal_locations": [
                "Patagonia (Argentina & Chile) \u2013 Vast, sparsely populated, diverse terrain.",
                "Amazon Rainforest (Brazil, Peru, Colombia) \u2013 Hidden waterways and food sources.",
                "Gran Chaco (Paraguay, Argentina, Bolivia) \u2013 Low population, tropical forests."
            ],
            "pros": [
                "Warm climate reduces freezing risks.",
                "Large, remote areas with food and water sources.",
                "Abundant plant life, fish, and wild game."
            ],
            "challenges": [
                "High humidity & disease risk (mosquito-borne illnesses).",
                "Predators like jaguars and snakes.",
                "Difficult navigation in dense jungles."
            ]
        },
        "Australia & New Zealand": {
            "ideal_locations": [
                "Tasmanian Wilderness (Australia) \u2013 Dense forests, lakes, caves.",
                "Great Dividing Range (Eastern Australia) \u2013 Remote mountains and valleys.",
                "Fiordland National Park (New Zealand) \u2013 Rugged fjords, thick forests."
            ],
            "pros": [
                "Mild winters and warm summers.",
                "Abundant wildlife and edible plants.",
                "Many isolated locations with few inhabitants."
            ],
            "challenges": [
                "Extreme heat in deserts.",
                "Poisonous animals (snakes, spiders).",
                "Wet conditions in New Zealand fjordlands."
            ]
        },
        "Europe": {
            "ideal_locations": [
                "Carpathian Mountains (Romania, Ukraine, Slovakia, Poland) \u2013 Vast forests.",
                "Scottish Highlands (UK) \u2013 Rugged mountains, lakes, and glens.",
                "Scandinavian Wilderness (Norway, Sweden, Finland) \u2013 Remote forests and lakes."
            ],
            "pros": [
                "Dense forests provide cover and resources.",
                "Cold climates reduce insect-borne diseases.",
                "Low population density in many areas."
            ],
            "challenges": [
                "Harsh winters require good insulation and fire-making skills.",
                "Language barriers in some regions."
            ]
        },
        "Africa": {
            "ideal_locations": [
                "Congo Rainforest (Central Africa) \u2013 Dense jungle, hidden waterways.",
                "Drakensberg Mountains (South Africa & Lesotho) \u2013 Remote, rugged terrain.",
                "Sahara Desert Oases (North Africa) \u2013 Water-rich areas in otherwise barren land."
            ],
            "pros": [
                "Warm climates reduce insulation needs.",
                "Rainforests and mountains provide food and water.",
                "Remote tribal regions where outsiders are rarely seen."
            ],
            "challenges": [
                "Dangerous wildlife (lions, crocodiles, hippos).",
                "Political instability in certain regions.",
                "Tropical diseases (malaria, dysentery)."
            ]
        },
        "Asia": {
            "ideal_locations": [
                "Siberian Wilderness (Russia) \u2013 Immense, uninhabited forests and tundra.",
                "Himalayan Foothills (Nepal, Bhutan, India, Tibet) \u2013 Hidden valleys and forests.",
                "Mongolian Steppe (Mongolia) \u2013 Open landscapes with nomadic survival potential."
            ],
            "pros": [
                "Extremely remote and difficult for outsiders to access.",
                "Natural water sources and dense forests.",
                "Cold climates reduce risk of disease."
            ],
            "challenges": [
                "Brutal winters require expert-level survival preparation.",
                "Extreme isolation makes resupply difficult."
            ]
        }
    },
    "essential_skills_for_hiding_and_surviving": [
        "Water Sourcing & Purification \u2013 Streams, rain collection, filtration.",
        "Shelter Building \u2013 Lean-tos, cave shelters, underground hideouts.",
        "Stealth & Evasion \u2013 Avoiding detection, leaving no trace.",
        "Fire-Making \u2013 Flint, friction methods, and primitive fire-building.",
        "Food Gathering \u2013 Trapping, fishing, foraging for edible plants."
    ],
    "how_to_remain_undetected": {
        "camouflage_and_shelter_concealment": [
            "Use natural materials (branches, leaves, earth) to cover shelters.",
            "Avoid open fires \u2013 Use underground cooking pits.",
            "Stay away from clearings & roads \u2013 Travel through dense vegetation."
        ],
        "avoiding_aerial_and_drone_surveillance": [
            "Use dense tree cover to block thermal imaging.",
            "Lie flat near large rocks \u2013 They absorb heat and mask body temperature.",
            "Build underground or natural shelters to remain undetectable."
        ],
        "low_profile_living": [
            "Hunt with traps and snares instead of firearms (less noise).",
            "Forage and dry food in small batches to avoid large smoke signals.",
            "Rotate sleeping locations \u2013 Never stay in the same place too long."
        ]
    },
    "summary": [
        "Choose a remote location with access to water, shelter, and food.",
        "Different continents offer unique advantages and challenges.",
        "Survival skills like fire-making, stealth, and food gathering are essential.",
        "Camouflage, avoiding detection, and staying off-grid ensure long-term survival."
    ]
}